{"cameraMode":{"drawMode":0,"name":"Shaded","section":"Shading Mode"},"sceneLighting":false,"audioPlay":false,"sceneViewState":{"showFog":true,"showMaterialUpdate":false,"showSkybox":false,"showFlares":true,"showImageEffects":true,"showParticleSystems":true},"in2DMode":false,"pivot":{"x":0.24803084135055543,"y":1.1738193035125733,"z":-0.9426586031913757},"rotation":{"x":0.19256655871868134,"y":0.6099064946174622,"z":-0.15611079335212708,"w":0.7527478337287903},"size":0.915179431438446,"orthographic":false}