{"cameraMode":{"drawMode":0,"name":"Shaded","section":"Shading Mode"},"sceneLighting":false,"audioPlay":false,"sceneViewState":{"showFog":true,"showMaterialUpdate":false,"showSkybox":false,"showFlares":true,"showImageEffects":true,"showParticleSystems":true},"in2DMode":false,"pivot":{"x":0.012021996080875397,"y":0.04166663438081741,"z":0.0},"rotation":{"x":0.024252500385046006,"y":-0.9461748003959656,"z":-0.03993603214621544,"w":-0.32713043689727785},"size":0.23983727395534516,"orthographic":false}