{"cameraMode":{"drawMode":0,"name":"Shaded","section":"Shading Mode"},"sceneLighting":false,"audioPlay":false,"sceneViewState":{"showFog":true,"showMaterialUpdate":false,"showSkybox":true,"showFlares":true,"showImageEffects":true,"showParticleSystems":true},"in2DMode":false,"pivot":{"x":-366.47052001953127,"y":8.302984237670899,"z":864.4049682617188},"rotation":{"x":-0.01398328598588705,"y":0.9329378008842468,"z":0.025818610563874246,"w":0.3660564720630646},"size":38.15055465698242,"orthographic":false}