{"cameraMode":{"drawMode":0,"name":"Shaded","section":"Shading Mode"},"sceneLighting":false,"audioPlay":false,"sceneViewState":{"showFog":true,"showMaterialUpdate":false,"showSkybox":false,"showFlares":true,"showImageEffects":true,"showParticleSystems":true},"in2DMode":false,"pivot":{"x":6.067348957061768,"y":0.6242618560791016,"z":-4.67414665222168},"rotation":{"x":0.06539976596832276,"y":0.6706670522689819,"z":-0.059461191296577457,"w":0.7365537881851196},"size":1.2923815250396729,"orthographic":false}