{"cameraMode":{"drawMode":0,"name":"Shaded","section":"Shading Mode"},"sceneLighting":false,"audioPlay":false,"sceneViewState":{"showFog":true,"showMaterialUpdate":false,"showSkybox":false,"showFlares":true,"showImageEffects":true,"showParticleSystems":true},"in2DMode":false,"pivot":{"x":6.994876861572266,"y":0.8500000238418579,"z":-5.455202102661133},"rotation":{"x":0.027541514486074449,"y":0.7553296685218811,"z":-0.03169623017311096,"w":0.6540865302085877},"size":0.6575331687927246,"orthographic":false}