{"cameraMode":{"drawMode":0,"name":"Shaded","section":"Shading Mode"},"sceneLighting":false,"audioPlay":false,"sceneViewState":{"showFog":true,"showMaterialUpdate":false,"showSkybox":false,"showFlares":true,"showImageEffects":true,"showParticleSystems":true},"in2DMode":false,"pivot":{"x":37.65936279296875,"y":5.514984607696533,"z":-5.417998313903809},"rotation":{"x":-0.026496397331357003,"y":0.5746282339096069,"z":-0.021273380145430566,"w":-0.8182587623596191},"size":14.767654418945313,"orthographic":false}