{"cameraMode":{"drawMode":0,"name":"Shaded","section":"Shading Mode"},"sceneLighting":false,"audioPlay":false,"sceneViewState":{"showFog":true,"showMaterialUpdate":false,"showSkybox":false,"showFlares":true,"showImageEffects":true,"showParticleSystems":true},"in2DMode":false,"pivot":{"x":0.32074373960494997,"y":0.4191039800643921,"z":-1.1301751136779786},"rotation":{"x":-0.17268067598342896,"y":0.5027778744697571,"z":-0.09118186682462692,"w":-0.8444954752922058},"size":1.6625638008117676,"orthographic":false}