{"cameraMode":{"drawMode":0,"name":"Shaded","section":"Shading Mode"},"sceneLighting":false,"audioPlay":false,"sceneViewState":{"showFog":true,"showMaterialUpdate":false,"showSkybox":false,"showFlares":true,"showImageEffects":true,"showParticleSystems":true},"in2DMode":false,"pivot":{"x":-0.18819108605384828,"y":0.24402514100074769,"z":-0.05670356750488281},"rotation":{"x":0.01687016710639,"y":0.5408177971839905,"z":-0.019935162737965585,"w":0.843673825263977},"size":5.1209025382995609,"orthographic":false}