{"cameraMode":{"drawMode":0,"name":"Shaded","section":"Shading Mode"},"sceneLighting":false,"audioPlay":false,"sceneViewState":{"showFog":true,"showMaterialUpdate":false,"showSkybox":false,"showFlares":true,"showImageEffects":true,"showParticleSystems":true},"in2DMode":false,"pivot":{"x":-604.8352661132813,"y":-13.587026596069336,"z":1057.0430908203125},"rotation":{"x":-0.08824321627616883,"y":0.4475683867931366,"z":-0.04453492909669876,"w":-0.8888371586799622},"size":22.0,"orthographic":false}