{"cameraMode":{"drawMode":0,"name":"Shaded","section":"Shading Mode"},"sceneLighting":false,"audioPlay":false,"sceneViewState":{"showFog":true,"showMaterialUpdate":false,"showSkybox":false,"showFlares":true,"showImageEffects":true,"showParticleSystems":true},"in2DMode":false,"pivot":{"x":0.012021996080875397,"y":0.04166663438081741,"z":0.0},"rotation":{"x":0.005406270269304514,"y":-0.9963873028755188,"z":0.0943765640258789,"w":-0.05214979127049446},"size":0.23983727395534516,"orthographic":false}