{"cameraMode":{"drawMode":0,"name":"Shaded","section":"Shading Mode"},"sceneLighting":false,"audioPlay":false,"sceneViewState":{"showFog":true,"showMaterialUpdate":false,"showSkybox":false,"showFlares":true,"showImageEffects":true,"showParticleSystems":true},"in2DMode":false,"pivot":{"x":37.64999771118164,"y":5.411506175994873,"z":-9.356249809265137},"rotation":{"x":-0.032758358865976337,"y":-0.3271634578704834,"z":0.009027576074004174,"w":-0.9448079466819763},"size":25.970123291015626,"orthographic":false}