{"cameraMode":{"drawMode":0,"name":"Shaded","section":"Shading Mode"},"sceneLighting":false,"audioPlay":false,"sceneViewState":{"showFog":true,"showMaterialUpdate":false,"showSkybox":false,"showFlares":true,"showImageEffects":true,"showParticleSystems":true},"in2DMode":false,"pivot":{"x":3.33966064453125,"y":-0.7189147472381592,"z":0.25500810146331789},"rotation":{"x":0.10511349141597748,"y":0.681242048740387,"z":-0.11453887820243836,"w":0.7183597683906555},"size":6.362367630004883,"orthographic":false}