{"cameraMode":{"drawMode":0,"name":"Shaded","section":"Shading Mode"},"sceneLighting":false,"audioPlay":false,"sceneViewState":{"showFog":true,"showMaterialUpdate":false,"showSkybox":false,"showFlares":true,"showImageEffects":true,"showParticleSystems":true},"in2DMode":false,"pivot":{"x":5.33524227142334,"y":0.7884181141853333,"z":-4.84451961517334},"rotation":{"x":0.04325571283698082,"y":-0.623735785484314,"z":-0.03473205491900444,"w":-0.7797430753707886},"size":0.392381489276886,"orthographic":false}