{"cameraMode":{"drawMode":0,"name":"Shaded","section":"Shading Mode"},"sceneLighting":false,"audioPlay":false,"sceneViewState":{"showFog":true,"showMaterialUpdate":false,"showSkybox":false,"showFlares":true,"showImageEffects":true,"showParticleSystems":true},"in2DMode":false,"pivot":{"x":0.13609954714775086,"y":0.21535824239253999,"z":-3.3102879524230959},"rotation":{"x":-0.15175753831863404,"y":0.6573461890220642,"z":0.7255598902702332,"w":0.1380467563867569},"size":0.2239883542060852,"orthographic":false}