{"cameraMode":{"drawMode":0,"name":"Shaded","section":"Shading Mode"},"sceneLighting":false,"audioPlay":false,"sceneViewState":{"showFog":true,"showMaterialUpdate":false,"showSkybox":false,"showFlares":true,"showImageEffects":true,"showParticleSystems":true},"in2DMode":false,"pivot":{"x":3.430406093597412,"y":0.8308789134025574,"z":-10.927129745483399},"rotation":{"x":0.019429877400398256,"y":-0.9903771877288818,"z":-0.05852166563272476,"w":-0.14062108099460603},"size":13.363865852355957,"orthographic":false}