{"cameraMode":{"drawMode":0,"name":"Shaded","section":"Shading Mode"},"sceneLighting":false,"audioPlay":false,"sceneViewState":{"showFog":true,"showMaterialUpdate":false,"showSkybox":false,"showFlares":true,"showImageEffects":true,"showParticleSystems":true},"in2DMode":false,"pivot":{"x":17.53511619567871,"y":4.444866180419922,"z":15.307587623596192},"rotation":{"x":0.08820132166147232,"y":0.31640416383743288,"z":-0.02731700800359249,"w":0.9445872902870178},"size":34.38975143432617,"orthographic":false}