{"cameraMode":{"drawMode":0,"name":"Shaded","section":"Shading Mode"},"sceneLighting":false,"audioPlay":false,"sceneViewState":{"showFog":true,"showMaterialUpdate":false,"showSkybox":false,"showFlares":true,"showImageEffects":true,"showParticleSystems":true},"in2DMode":false,"pivot":{"x":-12.595623016357422,"y":-0.38571834564208987,"z":-19.734949111938478},"rotation":{"x":-0.08824321627616883,"y":0.4475683867931366,"z":-0.04453492909669876,"w":-0.8888371586799622},"size":19.105525970458986,"orthographic":false}