{"cameraMode":{"drawMode":0,"name":"Shaded","section":"Shading Mode"},"sceneLighting":false,"audioPlay":false,"sceneViewState":{"showFog":true,"showMaterialUpdate":false,"showSkybox":false,"showFlares":true,"showImageEffects":true,"showParticleSystems":true},"in2DMode":false,"pivot":{"x":-259.18389892578127,"y":5.088849067687988,"z":594.4381103515625},"rotation":{"x":0.021448547020554544,"y":-0.3692852556705475,"z":-0.004587870556861162,"w":-0.9316837787628174},"size":8.15036392211914,"orthographic":false}