{"cameraMode":{"drawMode":0,"name":"Shaded","section":"Shading Mode"},"sceneLighting":false,"audioPlay":false,"sceneViewState":{"showFog":true,"showMaterialUpdate":false,"showSkybox":false,"showFlares":true,"showImageEffects":true,"showParticleSystems":true},"in2DMode":false,"pivot":{"x":-398.8084411621094,"y":2.5845532417297365,"z":897.7891845703125},"rotation":{"x":-0.05123891308903694,"y":0.731360137462616,"z":-0.0579838827252388,"w":-0.6782236099243164},"size":15.509658813476563,"orthographic":false}