{"cameraMode":{"drawMode":0,"name":"Shaded","section":"Shading Mode"},"sceneLighting":false,"audioPlay":false,"sceneViewState":{"showFog":true,"showMaterialUpdate":false,"showSkybox":false,"showFlares":true,"showImageEffects":true,"showParticleSystems":true},"in2DMode":false,"pivot":{"x":-11.589791297912598,"y":9.019598960876465,"z":8.861308097839356},"rotation":{"x":0.0037205666303634645,"y":0.9479467272758484,"z":0.004127645865082741,"w":-0.319823682308197},"size":31.740463256835939,"orthographic":false}