{"cameraMode":{"drawMode":0,"name":"Shaded","section":"Shading Mode"},"sceneLighting":false,"audioPlay":false,"sceneViewState":{"showFog":true,"showMaterialUpdate":false,"showSkybox":false,"showFlares":true,"showImageEffects":true,"showParticleSystems":true},"in2DMode":false,"pivot":{"x":-1.164952278137207,"y":1.5956460237503052,"z":-9.576371192932129},"rotation":{"x":0.005047484766691923,"y":0.6437858939170837,"z":0.0019219140522181988,"w":-0.7657580375671387},"size":23.868499755859376,"orthographic":false}